source_file,channel,direction,grid_id,date_code,mode,metric_type,avg_value,std_value,units,n_valid,row_idx,col_idx
PEGDA01TPO000SiNP_Sam01_S1_P__GrID002_LOC_RC001001-5.00x5.00-Modulus_Backward-251020-CRO_70406af4.tiff,Modulus,Backward,2,251020,modulus_raw_three_sigma,modulus,217882107.51225337,34740951.50972621,kPa,254191,0,0
PEGDA01TPO000SiNP_Sam01_S1_P__GrID000_LOC_RC001001-5.00x5.00-Modulus_Backward-251021-CRO_b28496ed.tiff,Modulus,Backward,0,251021,modulus_raw_three_sigma,modulus,439092598.2961488,82948327.75545523,kPa,248309,0,0
PEGDA01TPO000SiNP_Sam01_S1_P__GrID001_LOC_RC001002-5.00x5.00-Modulus_Backward-251021-CRO_ed44e1e6.tiff,Modulus,Backward,1,251021,modulus_raw_three_sigma,modulus,239199214.67491132,56933266.557421446,kPa,251369,0,1
PEGDA01TPO000SiNP_Sam01_S1_P__GrID002_LOC_RC001005-5.00x5.00-Modulus_Backward-251022-CRO_7bbf51d1.tiff,Modulus,Backward,2,251022,modulus_raw_three_sigma,modulus,36244516.94532651,12765335.06995884,kPa,255198,0,4
PEGDA01TPO000SiNP_Sam01_S1_P__GrID003_LOC_RC001006-5.00x5.00-Modulus_Backward-251022-CRO_f4227f94.tiff,Modulus,Backward,3,251022,modulus_raw_three_sigma,modulus,186082926.60752907,30463309.367491648,kPa,259388,0,5
PEGDA01TPO000SiNP_Sam01_S1_P__GrID004_LOC_RC001010-5.00x5.00-Modulus_Backward-251022-CRO_db9df3ac.tiff,Modulus,Backward,4,251022,modulus_raw_three_sigma,modulus,36763163.37648318,5921058.5389062,kPa,257262,0,9
PEGDA01TPO000SiNP_Sam01_S1_P__GrID005_LOC_RC001010-5.00x5.00-Modulus_Backward-251027-CRO_c131d681.tiff,Modulus,Backward,5,251027,modulus_raw_three_sigma,modulus,796869733.6450185,40164439.685631715,kPa,259442,0,9
PEGDA01TPO000SiNP_Sam01_S1_P__GrID006_LOC_RC001011-5.00x5.00-Modulus_Backward-251027-CRO_e03beb00.tiff,Modulus,Backward,6,251027,modulus_raw_three_sigma,modulus,413612814.15652287,49321731.03584074,kPa,258144,0,10
PEGDA01TPO000SiNP_Sam01_S1_P__GrID007_LOC_RC001012-5.00x5.00-Modulus_Backward-251027-CRO_f614ff0f.tiff,Modulus,Backward,7,251027,modulus_raw_three_sigma,modulus,401211279.01145566,50998590.68738048,kPa,259979,0,11
PEGDA01TPO000SiNP_Sam01_S1_P__GrID008_LOC_RC001016-5.00x5.00-Modulus_Backward-251027-CRO_132e35ef.tiff,Modulus,Backward,8,251027,modulus_raw_three_sigma,modulus,nan,nan,kPa,0,0,15
PEGDA01TPO000SiNP_Sam01_S1_P__GrID009_LOC_RC001017-5.00x5.00-Modulus_Backward-251027-CRO_b6d95952.tiff,Modulus,Backward,9,251027,modulus_raw_three_sigma,modulus,45087368.55129418,16864571.80292774,kPa,255736,0,16
PEGDA01TPO000SiNP_Sam01_S1_P__GrID010_LOC_RC001020-5.00x5.00-Modulus_Backward-251027-CRO_5ee6b084.tiff,Modulus,Backward,10,251027,modulus_raw_three_sigma,modulus,64480964.07935267,20949717.183881663,kPa,250862,0,19
PEGDA01TPO000SiNP_Sam01_S1_P__GrID011_LOC_RC001021-5.00x5.00-Modulus_Backward-251027-CRO_1a1d5848.tiff,Modulus,Backward,11,251027,modulus_raw_three_sigma,modulus,570033400.9100715,274411962.40394616,kPa,1534,0,20
PEGDA01TPO000SiNP_Sam01_S1_P__GrID012_LOC_RC002001-5.00x5.00-Modulus_Backward-251028-CRO_f9f6e61c.tiff,Modulus,Backward,12,251028,modulus_raw_three_sigma,modulus,37382587.761686906,5934563.987118001,kPa,259328,1,0
PEGDA01TPO000SiNP_Sam01_S1_P__GrID013_LOC_RC002002-5.00x5.00-Modulus_Backward-251028-CRO_b5c1a689.tiff,Modulus,Backward,13,251028,modulus_raw_three_sigma,modulus,67605183.73312481,24211581.030332033,kPa,244702,1,1
PEGDA01TPO000SiNP_Sam01_S1_P__GrID014_LOC_RC002010-5.00x5.00-Modulus_Backward-251028-CRO_c47e5654.tiff,Modulus,Backward,14,251028,modulus_raw_three_sigma,modulus,678086623.7961329,261195582.7540163,kPa,42121,1,9
PEGDA01TPO000SiNP_Sam01_S1_P__GrID015_LOC_RC002011-5.00x5.00-Modulus_Backward-251028-CRO_baeefa9a.tiff,Modulus,Backward,15,251028,modulus_raw_three_sigma,modulus,37215112.10671898,8019453.032286879,kPa,258819,1,10
PEGDA01TPO000SiNP_Sam01_S1_P__GrID016_LOC_RC002012-5.00x5.00-Modulus_Backward-251028-CRO_04074076.tiff,Modulus,Backward,16,251028,modulus_raw_three_sigma,modulus,48823003.50238788,15021981.878975162,kPa,250381,1,11
PEGDA01TPO000SiNP_Sam01_S1_P__GrID017_LOC_RC002020-5.00x5.00-Modulus_Backward-251028-CRO_622c386a.tiff,Modulus,Backward,17,251028,modulus_raw_three_sigma,modulus,40594460.80122826,11673374.382183064,kPa,255055,1,19
PEGDA01TPO000SiNP_Sam01_S1_P__GrID018_LOC_RC002021-5.00x5.00-Modulus_Backward-251028-CRO_dc455bee.tiff,Modulus,Backward,18,251028,modulus_raw_three_sigma,modulus,32736166.050454453,5579541.904149814,kPa,258118,1,20
PEGDA01TPO000SiNP_Sam01_S1_P__GrID019_LOC_RC003008-5.00x5.00-Modulus_Backward-251028-CRO_1253b746.tiff,Modulus,Backward,19,251028,modulus_raw_three_sigma,modulus,nan,nan,kPa,0,2,7
PEGDA01TPO000SiNP_Sam01_S1_P__GrID020_LOC_RC003014-5.00x5.00-Modulus_Backward-251028-CRO_5e8cfd64.tiff,Modulus,Backward,20,251028,modulus_raw_three_sigma,modulus,130275678.22022796,49112236.26203064,kPa,244554,2,13
PEGDA01TPO000SiNP_Sam01_S1_P__GrID021_LOC_RC005001-5.00x5.00-Modulus_Backward-251028-CRO_b62dc46b.tiff,Modulus,Backward,21,251028,modulus_raw_three_sigma,modulus,63766941.90028404,24754363.71869063,kPa,248448,4,0
PEGDA01TPO000SiNP_Sam01_S1_P__GrID022_LOC_RC005005-5.00x5.00-Modulus_Backward-251028-CRO_197891c8.tiff,Modulus,Backward,22,251028,modulus_raw_three_sigma,modulus,175917142.05939817,59348983.19188386,kPa,247986,4,4
PEGDA01TPO000SiNP_Sam01_S1_P__GrID023_LOC_RC005006-5.00x5.00-Modulus_Backward-251028-CRO_211fd865.tiff,Modulus,Backward,23,251028,modulus_raw_three_sigma,modulus,nan,nan,kPa,0,4,5
PEGDA01TPO000SiNP_Sam01_S1_P__GrID024_LOC_RC005016-5.00x5.00-Modulus_Backward-251028-CRO_6ccfa220.tiff,Modulus,Backward,24,251028,modulus_raw_three_sigma,modulus,34022076.925032414,5794598.471670484,kPa,257147,4,15
PEGDA01TPO000SiNP_Sam01_S1_P__GrID025_LOC_RC005017-5.00x5.00-Modulus_Backward-251029-CRO_0147ead6.tiff,Modulus,Backward,25,251029,modulus_raw_three_sigma,modulus,176479495.25264904,37385812.770371504,kPa,252630,4,16
PEGDA01TPO000SiNP_Sam01_S1_P__GrID026_LOC_RC006001-5.00x5.00-Modulus_Backward-251029-CRO_c5d55fbc.tiff,Modulus,Backward,26,251029,modulus_raw_three_sigma,modulus,446090640.37453973,80254546.47678769,kPa,256571,5,0
PEGDA01TPO000SiNP_Sam01_S1_P__GrID027_LOC_RC006005-5.00x5.00-Modulus_Backward-251029-CRO_f225bd9c.tiff,Modulus,Backward,27,251029,modulus_raw_three_sigma,modulus,108098992.60390237,47417111.87669702,kPa,244624,5,4
PEGDA01TPO000SiNP_Sam01_S1_P__GrID028_LOC_RC006006-5.00x5.00-Modulus_Backward-251029-CRO_8fc9e36d.tiff,Modulus,Backward,28,251029,modulus_raw_three_sigma,modulus,632385743.43312,247790369.61740246,kPa,7875,5,5
PEGDA01TPO000SiNP_Sam01_S1_P__GrID029_LOC_RC006010-5.00x5.00-Modulus_Backward-251029-CRO_d0566188.tiff,Modulus,Backward,29,251029,modulus_raw_three_sigma,modulus,92148352.88240701,35946852.510197915,kPa,247142,5,9
PEGDA01TPO000SiNP_Sam01_S1_P__GrID030_LOC_RC006011-5.00x5.00-Modulus_Backward-251029-CRO_238ec1b5.tiff,Modulus,Backward,30,251029,modulus_raw_three_sigma,modulus,59885321.508291714,20307921.562826775,kPa,252484,5,10
PEGDA01TPO000SiNP_Sam01_S1_P__GrID031_LOC_RC006012-5.00x5.00-Modulus_Backward-251029-CRO_c4ebe72d.tiff,Modulus,Backward,31,251029,modulus_raw_three_sigma,modulus,45105989.64723351,17326189.774444256,kPa,249217,5,11
PEGDA01TPO000SiNP_Sam01_S1_P__GrID032_LOC_RC006016-5.00x5.00-Modulus_Backward-251029-CRO_fa75bd50.tiff,Modulus,Backward,32,251029,modulus_raw_three_sigma,modulus,45376407.24326102,15887859.30174199,kPa,253493,5,15
PEGDA01TPO000SiNP_Sam01_S1_P__GrID033_LOC_RC006017-5.00x5.00-Modulus_Backward-251029-CRO_8928b090.tiff,Modulus,Backward,33,251029,modulus_raw_three_sigma,modulus,39476532.689152084,12640726.622987872,kPa,255027,5,16
PEGDA01TPO000SiNP_Sam01_S1_P__GrID034_LOC_RC006021-5.00x5.00-Modulus_Backward-251029-CRO_5d1db617.tiff,Modulus,Backward,34,251029,modulus_raw_three_sigma,modulus,44009321.856733635,13102091.205079192,kPa,254232,5,20
PEGDA01TPO000SiNP_Sam01_S1_P__GrID035_LOC_RC007003-5.00x5.00-Modulus_Backward-251029-CRO_898e3fc2.tiff,Modulus,Backward,35,251029,modulus_raw_three_sigma,modulus,722811158.0420609,95605428.71809919,kPa,253303,6,2
PEGDA01TPO000SiNP_Sam01_S1_P__GrID036_LOC_RC007021-5.00x5.00-Modulus_Backward-251029-CRO_6f7fed9d.tiff,Modulus,Backward,36,251029,modulus_raw_three_sigma,modulus,530722057.7984967,266456175.5111728,kPa,361,6,20
PEGDA01TPO000SiNP_Sam01_S1_P__GrID037_LOC_RC008008-5.00x5.00-Modulus_Backward-251030-CRO_93fac9b5.tiff,Modulus,Backward,37,251030,modulus_raw_three_sigma,modulus,370717333.630801,100709064.59687555,kPa,239929,7,7
PEGDA01TPO000SiNP_Sam01_S1_P__GrID038_LOC_RC008014-5.00x5.00-Modulus_Backward-251030-CRO_9c5f55c3.tiff,Modulus,Backward,38,251030,modulus_raw_three_sigma,modulus,199523399.54209745,43848504.64747707,kPa,240701,7,13
PEGDA01TPO000SiNP_Sam01_S1_P__GrID039_LOC_RC008019-5.00x5.00-Modulus_Backward-251030-CRO_797a422a.tiff,Modulus,Backward,39,251030,modulus_raw_three_sigma,modulus,nan,nan,kPa,0,7,18
PEGDA01TPO000SiNP_Sam01_S1_P__GrID040_LOC_RC010001-5.00x5.00-Modulus_Backward-251030-CRO_0aca7b9f.tiff,Modulus,Backward,40,251030,modulus_raw_three_sigma,modulus,453728113.79328686,81536709.68122204,kPa,252221,9,0
PEGDA01TPO000SiNP_Sam01_S1_P__GrID041_LOC_RC010002-5.00x5.00-Modulus_Backward-251030-CRO_9564d462.tiff,Modulus,Backward,41,251030,modulus_raw_three_sigma,modulus,46568947.054664716,19469862.893695436,kPa,252427,9,1
PEGDA01TPO000SiNP_Sam01_S1_P__GrID042_LOC_RC010006-5.00x5.00-Modulus_Backward-251030-CRO_1f2056b1.tiff,Modulus,Backward,42,251030,modulus_raw_three_sigma,modulus,47093470.59882953,8986539.996062784,kPa,256821,9,5
PEGDA01TPO000SiNP_Sam01_S1_P__GrID043_LOC_RC010010-5.00x5.00-Modulus_Backward-251030-CRO_7b0f35d6.tiff,Modulus,Backward,43,251030,modulus_raw_three_sigma,modulus,38243411.44121071,11483537.056185814,kPa,256839,9,9
PEGDA01TPO000SiNP_Sam01_S1_P__GrID044_LOC_RC010011-5.00x5.00-Modulus_Backward-251030-CRO_47d42e1c.tiff,Modulus,Backward,44,251030,modulus_raw_three_sigma,modulus,120699192.62562415,28690600.127574906,kPa,254467,9,10
PEGDA01TPO000SiNP_Sam01_S1_P__GrID045_LOC_RC010012-5.00x5.00-Modulus_Backward-251030-CRO_4f9d30ad.tiff,Modulus,Backward,45,251030,modulus_raw_three_sigma,modulus,nan,nan,kPa,0,9,11
PEGDA01TPO000SiNP_Sam01_S1_P__GrID046_LOC_RC010016-5.00x5.00-Modulus_Backward-251030-CRO_de9fea9a.tiff,Modulus,Backward,46,251030,modulus_raw_three_sigma,modulus,51646442.55974566,22617767.56362831,kPa,245352,9,15
PEGDA01TPO000SiNP_Sam01_S1_P__GrID047_LOC_RC010020-5.00x5.00-Modulus_Backward-251030-CRO_e815be7f.tiff,Modulus,Backward,47,251030,modulus_raw_three_sigma,modulus,46530192.270650886,15763904.177064238,kPa,253242,9,19
PEGDA01TPO000SiNP_Sam01_S1_P__GrID048_LOC_RC010021-5.00x5.00-Modulus_Backward-251030-CRO_d7300cdb.tiff,Modulus,Backward,48,251030,modulus_raw_three_sigma,modulus,56362164.746117756,16183960.240601066,kPa,252263,9,20
PEGDA01TPO000SiNP_Sam01_S1_P__GrID049_LOC_RC011001-5.00x5.00-Modulus_Backward-251030-CRO_d87f86f9.tiff,Modulus,Backward,49,251030,modulus_raw_three_sigma,modulus,532387621.7580206,71454291.91110222,kPa,257268,10,0
PEGDA01TPO000SiNP_Sam01_S1_P__GrID050_LOC_RC011002-5.00x5.00-Modulus_Backward-251031-CRO_dc9866b7.tiff,Modulus,Backward,50,251031,modulus_raw_three_sigma,modulus,527835598.62036383,74830662.04283535,kPa,256840,10,1
PEGDA01TPO000SiNP_Sam01_S1_P__GrID051_LOC_RC011006-5.00x5.00-Modulus_Backward-251031-CRO_49ccf70c.tiff,Modulus,Backward,51,251031,modulus_raw_three_sigma,modulus,33310261.022534877,5879233.019627003,kPa,256959,10,5
PEGDA01TPO000SiNP_Sam01_S1_P__GrID052_LOC_RC011010-5.00x5.00-Modulus_Backward-251031-CRO_685b799b.tiff,Modulus,Backward,52,251031,modulus_raw_three_sigma,modulus,209945123.54650772,50235262.07360867,kPa,244387,10,9
PEGDA01TPO000SiNP_Sam01_S1_P__GrID053_LOC_RC011011-5.00x5.00-Modulus_Backward-251031-CRO_455aa989.tiff,Modulus,Backward,53,251031,modulus_raw_three_sigma,modulus,143140396.9667018,45429885.23759165,kPa,243956,10,10
PEGDA01TPO000SiNP_Sam01_S1_P__GrID054_LOC_RC011012-5.00x5.00-Modulus_Backward-251031-CRO_dcea5ca1.tiff,Modulus,Backward,54,251031,modulus_raw_three_sigma,modulus,113130464.31465532,48631783.9466956,kPa,246170,10,11
PEGDA01TPO000SiNP_Sam01_S1_P__GrID055_LOC_RC011016-5.00x5.00-Modulus_Backward-251031-CRO_7b1d54b1.tiff,Modulus,Backward,55,251031,modulus_raw_three_sigma,modulus,32664869.32457887,4745672.5102193635,kPa,257900,10,15
PEGDA01TPO000SiNP_Sam01_S1_P__GrID056_LOC_RC011020-5.00x5.00-Modulus_Backward-251031-CRO_94169c24.tiff,Modulus,Backward,56,251031,modulus_raw_three_sigma,modulus,45598391.70616827,15442167.649690617,kPa,249292,10,19
PEGDA01TPO000SiNP_Sam01_S1_P__GrID057_LOC_RC011021-5.00x5.00-Modulus_Backward-251031-CRO_75498239.tiff,Modulus,Backward,57,251031,modulus_raw_three_sigma,modulus,46051576.72105933,11002304.574816868,kPa,257578,10,20
PEGDA01TPO000SiNP_Sam01_S1_P__GrID058_LOC_RC012001-5.00x5.00-Modulus_Backward-251031-CRO_ce88c88f.tiff,Modulus,Backward,58,251031,modulus_raw_three_sigma,modulus,289715884.51894635,43982328.73079575,kPa,255923,11,0
PEGDA01TPO000SiNP_Sam01_S1_P__GrID059_LOC_RC012002-5.00x5.00-Modulus_Backward-251031-CRO_2e458130.tiff,Modulus,Backward,59,251031,modulus_raw_three_sigma,modulus,36378036.04410803,6756261.644647407,kPa,258017,11,1
PEGDA01TPO000SiNP_Sam01_S1_P__GrID060_LOC_RC012006-5.00x5.00-Modulus_Backward-251031-CRO_10276a16.tiff,Modulus,Backward,60,251031,modulus_raw_three_sigma,modulus,290811106.8938819,88718064.27762432,kPa,247805,11,5
PEGDA01TPO000SiNP_Sam01_S1_P__GrID061_LOC_RC012010-5.00x5.00-Modulus_Backward-251031-CRO_300a166c.tiff,Modulus,Backward,61,251031,modulus_raw_three_sigma,modulus,844696582.314022,83535622.30153558,kPa,249473,11,9
PEGDA01TPO000SiNP_Sam01_S1_P__GrID062_LOC_RC012011-5.00x5.00-Modulus_Backward-251031-CRO_70589138.tiff,Modulus,Backward,62,251031,modulus_raw_three_sigma,modulus,143208769.97496876,46377726.19158133,kPa,253692,11,10
PEGDA01TPO000SiNP_Sam01_S1_P__GrID063_LOC_RC012012-5.00x5.00-Modulus_Backward-251101-CRO_3ea84ce5.tiff,Modulus,Backward,63,251101,modulus_raw_three_sigma,modulus,52524717.834247746,22028618.089795765,kPa,245043,11,11
PEGDA01TPO000SiNP_Sam01_S1_P__GrID064_LOC_RC012016-5.00x5.00-Modulus_Backward-251101-CRO_f392dff8.tiff,Modulus,Backward,64,251101,modulus_raw_three_sigma,modulus,267486342.37241703,84874173.54470636,kPa,242673,11,15
PEGDA01TPO000SiNP_Sam01_S1_P__GrID065_LOC_RC012020-5.00x5.00-Modulus_Backward-251101-CRO_0a7fad5a.tiff,Modulus,Backward,65,251101,modulus_raw_three_sigma,modulus,192230822.09766412,50942205.46965873,kPa,245673,11,19
PEGDA01TPO000SiNP_Sam01_S1_P__GrID066_LOC_RC012021-5.00x5.00-Modulus_Backward-251101-CRO_db24f799.tiff,Modulus,Backward,66,251101,modulus_raw_three_sigma,modulus,nan,nan,kPa,0,11,20
PEGDA01TPO000SiNP_Sam01_S1_P__GrID067_LOC_RC014003-5.00x5.00-Modulus_Backward-251101-CRO_7075b21b.tiff,Modulus,Backward,67,251101,modulus_raw_three_sigma,modulus,723495051.0309051,105368808.31870915,kPa,252218,13,2
PEGDA01TPO000SiNP_Sam01_S1_P__GrID068_LOC_RC014008-5.00x5.00-Modulus_Backward-251101-CRO_c3cea234.tiff,Modulus,Backward,68,251101,modulus_raw_three_sigma,modulus,127710529.176889,29515438.89956941,kPa,254984,13,7
PEGDA01TPO000SiNP_Sam01_S1_P__GrID069_LOC_RC014014-5.00x5.00-Modulus_Backward-251101-CRO_d47b1701.tiff,Modulus,Backward,69,251101,modulus_raw_three_sigma,modulus,37444475.86718615,7175510.257673444,kPa,258320,13,13
PEGDA01TPO000SiNP_Sam01_S1_P__GrID070_LOC_RC014019-5.00x5.00-Modulus_Backward-251101-CRO_3965c473.tiff,Modulus,Backward,70,251101,modulus_raw_three_sigma,modulus,77312653.45348346,34294823.73357436,kPa,247736,13,18
PEGDA01TPO000SiNP_Sam01_S1_P__GrID071_LOC_RC016001-5.00x5.00-Modulus_Backward-251101-CRO_fff4ad04.tiff,Modulus,Backward,71,251101,modulus_raw_three_sigma,modulus,67337411.06776689,28989129.917566918,kPa,250067,15,0
PEGDA01TPO000SiNP_Sam01_S1_P__GrID072_LOC_RC016005-5.00x5.00-Modulus_Backward-251101-CRO_d553c811.tiff,Modulus,Backward,72,251101,modulus_raw_three_sigma,modulus,47727514.168723926,14209864.138667816,kPa,255428,15,4
PEGDA01TPO000SiNP_Sam01_S1_P__GrID073_LOC_RC016006-5.00x5.00-Modulus_Backward-251101-CRO_127ea445.tiff,Modulus,Backward,73,251101,modulus_raw_three_sigma,modulus,65674560.372084014,28815815.440359168,kPa,249127,15,5
PEGDA01TPO000SiNP_Sam01_S1_P__GrID074_LOC_RC016010-5.00x5.00-Modulus_Backward-251101-CRO_a0c9fbee.tiff,Modulus,Backward,74,251101,modulus_raw_three_sigma,modulus,456757987.07436615,112737232.49276763,kPa,244446,15,9
PEGDA01TPO000SiNP_Sam01_S1_P__GrID075_LOC_RC016011-5.00x5.00-Modulus_Backward-251101-CRO_d1009cff.tiff,Modulus,Backward,75,251101,modulus_raw_three_sigma,modulus,36959363.16651287,6808242.29125562,kPa,258049,15,10
PEGDA01TPO000SiNP_Sam01_S1_P__GrID076_LOC_RC016012-5.00x5.00-Modulus_Backward-251102-CRO_be40d91a.tiff,Modulus,Backward,76,251102,modulus_raw_three_sigma,modulus,43611131.53343816,11101452.018113496,kPa,257934,15,11
PEGDA01TPO000SiNP_Sam01_S1_P__GrID077_LOC_RC016016-5.00x5.00-Modulus_Backward-251102-CRO_3634df40.tiff,Modulus,Backward,77,251102,modulus_raw_three_sigma,modulus,40444609.44617006,7339069.670761307,kPa,259024,15,15
PEGDA01TPO000SiNP_Sam01_S1_P__GrID078_LOC_RC016017-5.00x5.00-Modulus_Backward-251102-CRO_91b19784.tiff,Modulus,Backward,78,251102,modulus_raw_three_sigma,modulus,151741885.5050474,26378510.848027963,kPa,258880,15,16
PEGDA01TPO000SiNP_Sam01_S1_P__GrID079_LOC_RC016021-5.00x5.00-Modulus_Backward-251102-CRO_8280eede.tiff,Modulus,Backward,79,251102,modulus_raw_three_sigma,modulus,34722867.46630488,8546562.77952143,kPa,252286,15,20
PEGDA01TPO000SiNP_Sam01_S1_P__GrID080_LOC_RC017001-5.00x5.00-Modulus_Backward-251102-CRO_18ee99bd.tiff,Modulus,Backward,80,251102,modulus_raw_three_sigma,modulus,226034558.29890844,64114485.079741515,kPa,246961,16,0
PEGDA01TPO000SiNP_Sam01_S1_P__GrID081_LOC_RC017005-5.00x5.00-Modulus_Backward-251102-CRO_0f2f14a7.tiff,Modulus,Backward,81,251102,modulus_raw_three_sigma,modulus,nan,nan,kPa,0,16,4
PEGDA01TPO000SiNP_Sam01_S1_P__GrID082_LOC_RC017006-5.00x5.00-Modulus_Backward-251102-CRO_6646514c.tiff,Modulus,Backward,82,251102,modulus_raw_three_sigma,modulus,57954412.09972398,21834956.622130934,kPa,246863,16,5
PEGDA01TPO000SiNP_Sam01_S1_P__GrID083_LOC_RC017016-5.00x5.00-Modulus_Backward-251102-CRO_97bc69ab.tiff,Modulus,Backward,83,251102,modulus_raw_three_sigma,modulus,623216580.1620456,94543044.6863165,kPa,256466,16,15
PEGDA01TPO000SiNP_Sam01_S1_P__GrID084_LOC_RC017017-5.00x5.00-Modulus_Backward-251102-CRO_fde8ffd4.tiff,Modulus,Backward,84,251102,modulus_raw_three_sigma,modulus,27852413.74047285,7705075.334659219,kPa,256556,16,16
PEGDA01TPO000SiNP_Sam01_S1_P__GrID085_LOC_RC017021-5.00x5.00-Modulus_Backward-251102-CRO_0cd31c1b.tiff,Modulus,Backward,85,251102,modulus_raw_three_sigma,modulus,133871065.44215117,39995929.63756131,kPa,250023,16,20
PEGDA01TPO000SiNP_Sam01_S1_P__GrID086_LOC_RC019008-5.00x5.00-Modulus_Backward-251102-CRO_01de43bd.tiff,Modulus,Backward,86,251102,modulus_raw_three_sigma,modulus,62084593.37402375,27690329.328826673,kPa,252042,18,7
PEGDA01TPO000SiNP_Sam01_S1_P__GrID087_LOC_RC019014-5.00x5.00-Modulus_Backward-251102-CRO_d5cfba62.tiff,Modulus,Backward,87,251102,modulus_raw_three_sigma,modulus,34671019.51298699,11201773.447739216,kPa,253107,18,13
PEGDA01TPO000SiNP_Sam01_S1_P__GrID088_LOC_RC020001-5.00x5.00-Modulus_Backward-251102-CRO_230075e7.tiff,Modulus,Backward,88,251102,modulus_raw_three_sigma,modulus,817657438.3750927,210074386.58504736,kPa,67036,19,0
PEGDA01TPO000SiNP_Sam01_S1_P__GrID089_LOC_RC020002-5.00x5.00-Modulus_Backward-251102-CRO_db04b8f4.tiff,Modulus,Backward,89,251102,modulus_raw_three_sigma,modulus,170306447.75259504,35748859.86246846,kPa,257268,19,1
PEGDA01TPO000SiNP_Sam01_S1_P__GrID090_LOC_RC020010-5.00x5.00-Modulus_Backward-251103-CRO_fa35efcd.tiff,Modulus,Backward,90,251103,modulus_raw_three_sigma,modulus,nan,nan,kPa,0,19,9
PEGDA01TPO000SiNP_Sam01_S1_P__GrID091_LOC_RC020011-5.00x5.00-Modulus_Backward-251103-CRO_d9f042dd.tiff,Modulus,Backward,91,251103,modulus_raw_three_sigma,modulus,288162803.6342777,85482232.82482333,kPa,250027,19,10
PEGDA01TPO000SiNP_Sam01_S1_P__GrID092_LOC_RC020012-5.00x5.00-Modulus_Backward-251103-CRO_edff3c04.tiff,Modulus,Backward,92,251103,modulus_raw_three_sigma,modulus,98190508.14780223,48823401.26299693,kPa,247698,19,11
PEGDA01TPO000SiNP_Sam01_S1_P__GrID093_LOC_RC020020-5.00x5.00-Modulus_Backward-251103-CRO_43b5d981.tiff,Modulus,Backward,93,251103,modulus_raw_three_sigma,modulus,89357035.95989208,24362216.760000665,kPa,248030,19,19
PEGDA01TPO000SiNP_Sam01_S1_P__GrID094_LOC_RC020021-5.00x5.00-Modulus_Backward-251103-CRO_f999aea1.tiff,Modulus,Backward,94,251103,modulus_raw_three_sigma,modulus,368976048.44537646,72635087.35257609,kPa,255515,19,20
PEGDA01TPO000SiNP_Sam01_S1_P__GrID095_LOC_RC021001-5.00x5.00-Modulus_Backward-251103-CRO_3886dac5.tiff,Modulus,Backward,95,251103,modulus_raw_three_sigma,modulus,nan,nan,kPa,0,20,0
PEGDA01TPO000SiNP_Sam01_S1_P__GrID096_LOC_RC021002-5.00x5.00-Modulus_Backward-251103-CRO_7910925f.tiff,Modulus,Backward,96,251103,modulus_raw_three_sigma,modulus,724200302.264918,239989527.84070024,kPa,33978,20,1
PEGDA01TPO000SiNP_Sam01_S1_P__GrID097_LOC_RC021005-5.00x5.00-Modulus_Backward-251103-CRO_977d0d19.tiff,Modulus,Backward,97,251103,modulus_raw_three_sigma,modulus,721652167.2984515,250877605.34746906,kPa,10881,20,4
PEGDA01TPO000SiNP_Sam01_S1_P__GrID098_LOC_RC021006-5.00x5.00-Modulus_Backward-251103-CRO_224461c7.tiff,Modulus,Backward,98,251103,modulus_raw_three_sigma,modulus,370879650.919391,49168393.12962007,kPa,256459,20,5
PEGDA01TPO000SiNP_Sam01_S1_P__GrID099_LOC_RC021010-5.00x5.00-Modulus_Backward-251103-CRO_7968f355.tiff,Modulus,Backward,99,251103,modulus_raw_three_sigma,modulus,743810607.4629864,232182554.75560957,kPa,5027,20,9
PEGDA01TPO000SiNP_Sam01_S1_P__GrID100_LOC_RC021011-5.00x5.00-Modulus_Backward-251103-CRO_48a14019.tiff,Modulus,Backward,100,251103,modulus_raw_three_sigma,modulus,111252027.9897622,41788495.27499542,kPa,247578,20,10
PEGDA01TPO000SiNP_Sam01_S1_P__GrID101_LOC_RC021012-5.00x5.00-Modulus_Backward-251103-CRO_736e0c21.tiff,Modulus,Backward,101,251103,modulus_raw_three_sigma,modulus,357406567.14974815,79022674.53020477,kPa,250517,20,11
PEGDA01TPO000SiNP_Sam01_S1_P__GrID102_LOC_RC021016-5.00x5.00-Modulus_Backward-251103-CRO_02c0dbcb.tiff,Modulus,Backward,102,251103,modulus_raw_three_sigma,modulus,45844984.33750628,16801668.677855354,kPa,251223,20,15
PEGDA01TPO000SiNP_Sam01_S1_P__GrID103_LOC_RC021017-5.00x5.00-Modulus_Backward-251104-CRO_fa16fa19.tiff,Modulus,Backward,103,251104,modulus_raw_three_sigma,modulus,112987574.67719457,9889463.065735178,kPa,258314,20,16
PEGDA01TPO000SiNP_Sam01_S1_P__GrID104_LOC_RC021020-5.00x5.00-Modulus_Backward-251104-CRO_ef9cdeea.tiff,Modulus,Backward,104,251104,modulus_raw_three_sigma,modulus,34990724.371026635,4964647.34066875,kPa,259637,20,19
PEGDA01TPO000SiNP_Sam01_S1_P__GrID105_LOC_RC021021-5.00x5.00-Modulus_Backward-251104-CRO_c2c78834.tiff,Modulus,Backward,105,251104,modulus_raw_three_sigma,modulus,43686030.67946691,14184341.467407564,kPa,250668,20,20
